date,TAI_clear_mean_mean,TAI_clear_mean_max,TAI_clear_mean_std,TAI_clear_max_mean,TAI_clear_max_max,TAI_clear_max_std,TAI_clear_p95_mean,TAI_clear_p95_max,TAI_clear_p95_std,TAI_clear_p99_mean,TAI_clear_p99_max,TAI_clear_p99_std,TAI_clear_pixels_mean,TAI_clear_pixels_max,TAI_clear_pixels_std,TAI_clear_ratio_mean,TAI_clear_ratio_max,TAI_clear_ratio_std,TAI_mean_mean,TAI_mean_max,TAI_mean_std,TAI_std_mean,TAI_std_max,TAI_std_std,TAI_max_mean,TAI_max_max,TAI_max_std,TAI_p95_mean,TAI_p95_max,TAI_p95_std,TAI_p99_mean,TAI_p99_max,TAI_p99_std,TAI_above_0.5_mean,TAI_above_0.5_max,TAI_above_0.5_std,TAI_above_1.0_mean,TAI_above_1.0_max,TAI_above_1.0_std,TAI_above_1.5_mean,TAI_above_1.5_max,TAI_above_1.5_std,TAI_above_2.0_mean,TAI_above_2.0_max,TAI_above_2.0_std,NHI_SWIR_clear_mean_mean,NHI_SWIR_clear_mean_max,NHI_SWIR_clear_mean_std,NHI_SWIR_clear_max_mean,NHI_SWIR_clear_max_max,NHI_SWIR_clear_max_std,NHI_SWIR_clear_p95_mean,NHI_SWIR_clear_p95_max,NHI_SWIR_clear_p95_std,NHI_SWIR_clear_p99_mean,NHI_SWIR_clear_p99_max,NHI_SWIR_clear_p99_std,NHI_SWIR_clear_pixels_mean,NHI_SWIR_clear_pixels_max,NHI_SWIR_clear_pixels_std,NHI_SWIR_clear_ratio_mean,NHI_SWIR_clear_ratio_max,NHI_SWIR_clear_ratio_std,NHI_SWIR_mean_mean,NHI_SWIR_mean_max,NHI_SWIR_mean_std,NHI_SWIR_std_mean,NHI_SWIR_std_max,NHI_SWIR_std_std,NHI_SWIR_max_mean,NHI_SWIR_max_max,NHI_SWIR_max_std,NHI_SWIR_p95_mean,NHI_SWIR_p95_max,NHI_SWIR_p95_std,NHI_SWIR_p99_mean,NHI_SWIR_p99_max,NHI_SWIR_p99_std,NHI_SWIR_above_0.5_mean,NHI_SWIR_above_0.5_max,NHI_SWIR_above_0.5_std,NHI_SWIR_above_1.0_mean,NHI_SWIR_above_1.0_max,NHI_SWIR_above_1.0_std,NHI_SWIR_above_1.5_mean,NHI_SWIR_above_1.5_max,NHI_SWIR_above_1.5_std,NHI_SWIR_above_2.0_mean,NHI_SWIR_above_2.0_max,NHI_SWIR_above_2.0_std,NHI_SWNIR_clear_mean_mean,NHI_SWNIR_clear_mean_max,NHI_SWNIR_clear_mean_std,NHI_SWNIR_clear_max_mean,NHI_SWNIR_clear_max_max,NHI_SWNIR_clear_max_std,NHI_SWNIR_clear_p95_mean,NHI_SWNIR_clear_p95_max,NHI_SWNIR_clear_p95_std,NHI_SWNIR_clear_p99_mean,NHI_SWNIR_clear_p99_max,NHI_SWNIR_clear_p99_std,NHI_SWNIR_clear_pixels_mean,NHI_SWNIR_clear_pixels_max,NHI_SWNIR_clear_pixels_std,NHI_SWNIR_clear_ratio_mean,NHI_SWNIR_clear_ratio_max,NHI_SWNIR_clear_ratio_std,NHI_SWNIR_mean_mean,NHI_SWNIR_mean_max,NHI_SWNIR_mean_std,NHI_SWNIR_std_mean,NHI_SWNIR_std_max,NHI_SWNIR_std_std,NHI_SWNIR_max_mean,NHI_SWNIR_max_max,NHI_SWNIR_max_std,NHI_SWNIR_p95_mean,NHI_SWNIR_p95_max,NHI_SWNIR_p95_std,NHI_SWNIR_p99_mean,NHI_SWNIR_p99_max,NHI_SWNIR_p99_std,NHI_SWNIR_above_0.5_mean,NHI_SWNIR_above_0.5_max,NHI_SWNIR_above_0.5_std,NHI_SWNIR_above_1.0_mean,NHI_SWNIR_above_1.0_max,NHI_SWNIR_above_1.0_std,NHI_SWNIR_above_1.5_mean,NHI_SWNIR_above_1.5_max,NHI_SWNIR_above_1.5_std,NHI_SWNIR_above_2.0_mean,NHI_SWNIR_above_2.0_max,NHI_SWNIR_above_2.0_std,obs_count,Value
2022-01-01,-0.08595467498525977,-0.0026063360273838043,0.048178790104833995,15.785210648085922,30.437847137451172,11.840303936013488,-0.008465823455480859,0.06429391354322433,0.03867954688589355,0.648170204134658,1.8265750408172607,0.7423388349858185,26469.75,34946.0,15434.993421721028,0.757447204257998,1.0,0.4416812631408753,-0.10464722559285852,0.018386999145150185,0.06872064418613727,0.3054096708074212,1.007912278175354,0.3568988618789592,10.07994738335793,30.437847137451172,11.770774417756117,-0.037156559723930865,0.06460289657115936,0.07065037672647578,0.38640290796040344,1.786352515220642,0.6576844529464132,205.15384615384616,696.0,237.43028666461453,148.3846153846154,464.0,175.2595876890137,117.0,380.0,145.0488423485919,102.23076923076923,332.0,128.4939387974869,-0.5423292852938175,-0.47791197896003723,0.029913826967931198,0.26983869075775146,0.7678083777427673,0.49402411523098516,-0.48088036105036736,-0.4473525881767273,0.019913411579963586,-0.32870590314269066,-0.1323634833097458,0.14446124283235703,26469.75,34946.0,15434.993421721028,0.757447204257998,1.0,0.4416812631408753,-0.5510794130655435,-0.44532909989356995,0.05272148406759213,0.0505167803225609,0.0934649109840393,0.032197086905899494,0.07145912257524636,0.7678083777427673,0.48605610169084634,-0.4983807939749498,-0.40396231412887573,0.05795159106633646,-0.39114597554390246,-0.1323634833097458,0.15035793770870787,1.8461538461538463,16.0,4.506405697192864,0.0,0.0,0.0,0.0,0.0,0.0,0.0,0.0,0.0,-0.6843913272023201,-0.646706223487854,0.04939874259204588,0.16203687712550163,0.7193496227264404,0.5934134912928498,-0.6121308580040932,-0.5429782271385193,0.09122084296163004,-0.5366598255932331,-0.40182754397392273,0.13968775492807825,26469.75,34946.0,15434.993421721028,0.757447204257998,1.0,0.4416812631408753,-0.7066689454592191,-0.646706223487854,0.06935829514612273,0.04441497259988235,0.08659378439188004,0.029693714396017392,-0.1115345645409364,0.7193496227264404,0.5935206135361553,-0.6487528544205886,-0.5429782271385193,0.09957553939799213,-0.5979349842438331,-0.40182754397392273,0.14375171647460788,4.846153846153846,43.0,12.300719178474578,0.0,0.0,0.0,0.0,0.0,0.0,0.0,0.0,0.0,39,343
2022-02-01,-0.09128348343074322,-0.025327017530798912,0.04467375005508796,51.720458793640134,191.8727264404297,79.07046661572302,-0.0388133505359292,0.01432411652058363,0.05189456652431379,0.928151260316372,3.0826306343078613,1.261180330658998,22345.2,34946.0,17326.747637684344,0.6394208206947862,1.0,0.49581490407154877,-0.11099045859141783,-0.03425481915473938,0.040614478430991884,0.3483244079927152,2.131293296813965,0.6322700327750826,23.56976300545714,191.8727264404297,56.80943744052074,-0.06247326012023471,0.01432411652058363,0.050351446716721114,0.16148117861964487,0.7579461932182312,0.33628261948010724,140.0909090909091,427.0,176.8340773411361,91.63636363636364,311.0,120.27740662923583,71.0909090909091,244.0,95.32833214260548,56.90909090909091,212.0,79.18264272611081,-0.5518091917037964,-0.5442480444908142,0.0068037289230597695,0.5624222040176392,1.341428518295288,0.47953289474594313,-0.496588921546936,-0.4703911542892456,0.028271900428100592,-0.31061817407608033,-0.06255370378494263,0.17854033716274698,22345.2,34946.0,17326.747637684344,0.6394208206947862,1.0,0.49581490407154877,-0.5552694364027544,-0.5157214999198914,0.030502418850598328,0.034279953222721815,0.07880629599094391,0.029590038698615255,0.02607611905444752,1.341428518295288,0.6176102992854275,-0.5191748386079614,-0.4703911542892456,0.039982250684725724,-0.44215490601279517,-0.25357723236083984,0.11938788763621302,1.0909090909090908,8.0,2.586679162731453,0.36363636363636365,4.0,1.2060453783110545,0.0,0.0,0.0,0.0,0.0,0.0,-0.6634501695632935,-0.6464563608169556,0.020056566216385272,0.6727913469076157,1.5055243968963623,0.5032585034575328,-0.5996878504753113,-0.5547978281974792,0.05282228163241662,-0.5091149032115936,-0.3863751292228699,0.11302765584812631,22345.2,34946.0,17326.747637684344,0.6394208206947862,1.0,0.49581490407154877,-0.7123438824306835,-0.6446348428726196,0.060881882740324994,0.029500045263293116,0.07767428457736969,0.027490873082225517,-0.07707180353728207,1.5055243968963623,0.7864765456458442,-0.6761643073775552,-0.5547978281974792,0.08797895663028711,-0.6416302458806471,-0.42694011330604553,0.12408564324178946,3.6363636363636362,24.0,7.684695534277559,0.36363636363636365,4.0,1.2060453783110545,0.36363636363636365,4.0,1.2060453783110545,0.0,0.0,0.0,33,285
2022-03-01,0.06251479312777519,0.7276638150215149,0.4437535604917254,5.207632452249527,9.777992248535156,3.685378860440668,0.6889109835028648,3.0899946689605713,1.6012624359188266,1.4518308080732822,5.302505970001221,2.584891372871864,25153.25,34946.0,16814.05652769928,0.719774795398615,1.0,0.4811439514593738,-0.11181414950018127,0.012350710108876228,0.06139564895211441,0.08595853737400223,0.32690101861953735,0.09407366973563304,2.302930248590807,9.777992248535156,3.017864714439688,-0.0633665934825937,0.02483186684548855,0.05647680839795539,0.04576067075443765,0.5745062828063965,0.18402497762802572,70.16666666666667,369.0,116.83464098174535,47.75,274.0,87.05079499402008,33.666666666666664,217.0,65.32204602559305,26.666666666666668,181.0,53.98035557384546,-0.5192566365003586,-0.36891263723373413,0.10029341359042336,0.1022409237921238,0.30746570229530334,0.23159038017103448,-0.3517022170126438,0.1845843642950058,0.35821786777418996,-0.2747911252081394,0.19288183748722076,0.32861178318351353,25153.25,34946.0,16814.05652769928,0.719774795398615,1.0,0.4811439514593738,-0.5447055548429489,-0.46837979555130005,0.035419501274595706,0.03132984092614303,0.06879913061857224,0.019468598858804313,-0.10880482941865921,0.32601645588874817,0.27599356801906383,-0.5112807750701904,-0.46069586277008057,0.03036506197169574,-0.4638387511173884,-0.2985233962535858,0.06567457259594689,0.0,0.0,0.0,0.0,0.0,0.0,0.0,0.0,0.0,0.0,0.0,0.0,-0.6316262781620026,-0.5169971585273743,0.07673082866840658,0.09851152636110783,0.6565188765525818,0.5218269966276043,-0.43644849583506584,0.13734842836856842,0.3829774760233214,-0.376620851457119,0.2606934607028961,0.427165576953286,25153.25,34946.0,16814.05652769928,0.719774795398615,1.0,0.4811439514593738,-0.7007768054803213,-0.6501563787460327,0.04285790470943532,0.025799311833300937,0.050463009625673294,0.016007507996874185,-0.34010332512358826,0.6565188765525818,0.4282091983547384,-0.6653193136056265,-0.6072378754615784,0.05083270749641032,-0.6424003740151724,-0.5429803729057312,0.06395899403805773,0.3333333333333333,4.0,1.1547005383792515,0.0,0.0,0.0,0.0,0.0,0.0,0.0,0.0,0.0,36,344
2022-04-01,-0.10576721529165904,0.3942873775959015,0.18902077173282977,3.759718022412724,8.849288940429688,3.3053534247666865,0.22253541027506193,2.707038402557373,0.9326095293190474,0.6473611662578251,3.976754665374756,1.3207020261703128,16894.444444444445,34946.0,16519.269438379466,0.48344429818704415,1.0,0.4727084484169709,-0.1636715109149615,-0.1348886340856552,0.016766844292844103,0.10381881923725207,0.26879119873046875,0.08499031723585093,3.060784825550703,8.849288940429688,3.170154861067801,-0.09525133824596803,-0.024173028767108917,0.034567489973637615,0.016513299429789186,0.3199999928474426,0.1442125781438302,89.33333333333333,281.0,101.23629723961598,56.666666666666664,204.0,70.63650013636824,39.583333333333336,172.0,55.58851799907362,26.0,117.0,38.64288714980711,-0.5643016795317332,-0.4578150808811188,0.04246947598067039,-0.038982471658123866,0.37396711111068726,0.33104816221335004,-0.4674221906397078,-0.0869101881980896,0.1439697591299881,-0.3757176374395688,0.052493803203105927,0.1793671939681072,16894.444444444445,34946.0,16519.269438379466,0.48344429818704415,1.0,0.4727084484169709,-0.5740990589062372,-0.5623309016227722,0.010217948814177862,0.041108929396917425,0.07469373196363449,0.020950627520538834,-0.10086257507403691,0.37396711111068726,0.3406646430138516,-0.5262515172362328,-0.48541298508644104,0.0249866466873561,-0.4819050580263138,-0.3648161292076111,0.060076806633839776,0.0,0.0,0.0,0.0,0.0,0.0,0.0,0.0,0.0,0.0,0.0,0.0,-0.6516967548264397,-0.5501562356948853,0.040245999536558205,-0.08657041393841307,0.733110249042511,0.4454487164617965,-0.5213819479362832,-0.011510135605931282,0.19263196704221067,-0.4248883318569925,0.07307999581098557,0.22781387687371416,16894.444444444445,34946.0,16519.269438379466,0.48344429818704415,1.0,0.4727084484169709,-0.6777320454518,-0.6426326632499695,0.032618219893002294,0.03975041567658385,0.07334351539611816,0.0204640345287239,-0.2141985734536623,0.733110249042511,0.4493885235966046,-0.6199852476517359,-0.5472250580787659,0.05604434540541928,-0.579112783074379,-0.434293270111084,0.0878606775425579,0.3333333333333333,4.0,1.1547005383792517,0.0,0.0,0.0,0.0,0.0,0.0,0.0,0.0,0.0,36,292
2022-05-01,-0.1501950522263845,-0.10488714277744293,0.033206803757434164,5.897543762810528,10.190773010253906,3.869877127514947,-0.05469647985106955,-0.0011680054012686014,0.04192660397351929,0.2650048167755206,0.923591673374176,0.35780912635640477,29411.666666666668,34946.0,13508.795840735274,0.8416318510463764,1.0,0.38656200540076907,-0.11923993205709849,0.02073514088988304,0.06648091343655411,0.11395362134163196,0.3712700605392456,0.12521470847224686,3.4940618889836164,10.190773010253906,3.7858698308451766,-0.06034903022317359,0.028014184907078743,0.06891082056549332,0.09374681630959877,0.923591673374176,0.29311734315971055,103.84615384615384,467.0,148.360959686079,70.23076923076923,318.0,100.89528717615593,51.61538461538461,266.0,78.30872499445007,37.69230769230769,222.0,64.17603994143066,-0.5697518587112427,-0.5499358773231506,0.020190250807541277,0.10791366919875145,0.47426554560661316,0.3381837214008536,-0.4988676458597183,-0.47628456354141235,0.018806556801634757,-0.40349405258893967,-0.24454964697360992,0.0897165614163018,29411.666666666668,34946.0,13508.795840735274,0.8416318510463764,1.0,0.38656200540076907,-0.5513583582181197,-0.44046729803085327,0.046893296793910334,0.03754744822016129,0.08600235730409622,0.030720028010574375,-0.09784338508660977,0.47426554560661316,0.37588458155455,-0.5106296355907733,-0.4350112974643707,0.05020889784673583,-0.4609652975430855,-0.24454964697360992,0.09560905566001895,0.0,0.0,0.0,0.0,0.0,0.0,0.0,0.0,0.0,0.0,0.0,0.0,-0.6563303967316946,-0.6397945880889893,0.021138712291720926,0.14782920479774475,0.4835219979286194,0.4243770537871308,-0.5624169806639353,-0.5340654253959656,0.033410467239070596,-0.4695786436398824,-0.39794906973838806,0.07297902831198139,29411.666666666668,34946.0,13508.795840735274,0.8416318510463764,1.0,0.38656200540076907,-0.7180922719148489,-0.6397945880889893,0.08584244617301506,0.03661780705890404,0.0805969387292862,0.03172741081680335,-0.2876573640566606,0.4835219979286194,0.5254877755979712,-0.6665022923396184,-0.5340654253959656,0.12236415261403337,-0.618773891375615,-0.39794906973838806,0.16798805267708972,0.0,0.0,0.0,0.0,0.0,0.0,0.0,0.0,0.0,0.0,0.0,0.0,39,344
2022-06-01,-0.16481823722521463,-0.13735342025756836,0.03160384258516893,5.819421291351318,7.599999904632568,1.5545462850166833,-0.06503172218799591,-0.025630071759223938,0.04098839466116612,0.1353816439708074,0.2796884775161743,0.12829667351199114,33018.0,34946.0,1724.6773611316407,0.9448291649974246,1.0,0.049352640105638404,-0.16525691778709492,-0.03310507908463478,0.050247451405008664,0.07495265776136269,0.26872363686561584,0.07986426668474464,1.7807233942051728,7.599999904632568,2.637183226118072,-0.10082054007216357,-0.000758533482439816,0.0689408427638714,-0.03125773335341364,0.23539668321609497,0.12833093901348158,51.5,253.0,85.91909513659294,32.75,180.0,60.71861329114821,23.0,152.0,49.58372166896566,15.916666666666666,103.0,33.576123370723735,-0.5711627006530762,-0.5599002838134766,0.014416128055144537,0.1648812542359034,0.2708929479122162,0.09930250116345016,-0.5021827320257822,-0.4861427843570709,0.017093147883979188,-0.4306601683298747,-0.3831397593021393,0.04234423019494641,33018.0,34946.0,1724.6773611316407,0.9448291649974246,1.0,0.049352640105638404,-0.5737962275743484,-0.5030586123466492,0.026906165540187692,0.03388138938074311,0.07494958490133286,0.024399128076925954,-0.24890398855010668,0.2708929479122162,0.3009241209256068,-0.5309991464018822,-0.4765937924385071,0.03978913865718567,-0.4990569551785787,-0.3921433985233307,0.06374444313999102,0.0,0.0,0.0,0.0,0.0,0.0,0.0,0.0,0.0,0.0,0.0,0.0,-0.641154408454895,-0.6366726756095886,0.006931160364727818,0.09365060925483704,0.36927926540374756,0.3215963062953085,-0.5410729050636292,-0.5337201952934265,0.007362294961826381,-0.4373062650362651,-0.43095219135284424,0.008139327724936044,33018.0,34946.0,1724.6773611316407,0.9448291649974246,1.0,0.049352640105638404,-0.6860571453968684,-0.6376527547836304,0.052240243285457316,0.033006546553224325,0.07560601085424423,0.02478673974170226,-0.38774590225269395,0.36927926540374756,0.36788696475196714,-0.6384777327378591,-0.5374153852462769,0.07230710071399096,-0.603913905719916,-0.4349472224712372,0.10968152096652836,0.0,0.0,0.0,0.0,0.0,0.0,0.0,0.0,0.0,0.0,0.0,0.0,36,313
2022-07-01,-0.15588652874742234,-0.12895163893699646,0.0203534565694322,6.201473406382969,11.900943756103516,3.0495769459273627,-0.060660350269504955,-0.016847172752022743,0.03711470176829351,0.3539209690477167,1.5308823585510254,0.5441946970211248,32975.42857142857,34946.0,3868.163468501251,0.943610958948909,1.0,0.11068973469070136,-0.13976571367432675,-0.02831011638045311,0.05168165897288294,0.1411873158843567,0.33365070819854736,0.11481633427726456,3.6986968944935747,11.900943756103516,3.829247288538206,-0.06560730344305436,0.03595440089702606,0.04915291764688935,0.1046413832809776,0.5497382283210754,0.21538299704256722,130.25,371.0,138.88328978613006,92.08333333333333,283.0,100.3588636601248,71.66666666666667,251.0,82.70355970500174,53.916666666666664,193.0,65.00413739746017,-0.5644667659487043,-0.5515279173851013,0.008468154789250214,0.19260448323828833,0.3203028738498688,0.129604609654475,-0.5011818323816571,-0.4820966422557831,0.017317486790439367,-0.3960727666105543,-0.20417261123657227,0.09864932117632352,32975.42857142857,34946.0,3868.163468501251,0.943610958948909,1.0,0.11068973469070136,-0.5548621316750845,-0.4984806776046753,0.022971691520460198,0.04690574078510205,0.07814858108758926,0.02595266139215166,-0.0510421438763539,0.3203028738498688,0.32024763574597653,-0.5051389336585999,-0.4453720152378082,0.02556594956533173,-0.4460133338967959,-0.3023214042186737,0.07300138089507324,0.0,0.0,0.0,0.0,0.0,0.0,0.0,0.0,0.0,0.0,0.0,0.0,-0.6341113107545036,-0.6066823601722717,0.023791642790815297,0.19014338829687663,0.3895244598388672,0.15180698355957536,-0.5439644796507699,-0.4866945743560791,0.04533002248423617,-0.4499400811535971,-0.3694249391555786,0.07750945338923501,32975.42857142857,34946.0,3868.163468501251,0.943610958948909,1.0,0.11068973469070136,-0.6674252251784006,-0.6190178990364075,0.068340806217829,0.045255225229387484,0.08137010037899017,0.02813283772247836,-0.15386543236672878,0.3895244598388672,0.44605682914780337,-0.6047198623418808,-0.5137806534767151,0.09448664622531933,-0.5456558341781298,-0.39436525106430054,0.1385317017134443,0.0,0.0,0.0,0.0,0.0,0.0,0.0,0.0,0.0,0.0,0.0,0.0,36,314
2022-08-01,-0.17622253050406775,-0.16826783120632172,0.007525395980874916,5.9969552755355835,7.813301086425781,2.2596033384132252,-0.07959810023506482,-0.0676402747631073,0.010581547677236871,0.12639119227727255,0.19204390048980713,0.047688042201309025,29535.666666666668,34946.0,10048.640438719392,0.8451801827581602,1.0,0.28754765749211336,-0.1647716984928896,0.012305273674428463,0.06227646050877627,0.10788109543500468,0.2721744477748871,0.10318087982328913,3.088134291504199,7.813301086425781,3.5537162232269988,-0.10369945938388507,0.015659183263778687,0.060497715094726096,-0.013450578087940812,0.1507996916770935,0.12183306995564487,79.0,198.0,87.1998748956567,55.166666666666664,152.0,61.657165525233644,43.416666666666664,136.0,50.765876752246115,32.333333333333336,120.0,40.326696173160826,-0.5716289182504019,-0.5654415488243103,0.006007563436646004,0.18167506624013186,0.41119956970214844,0.15066033981781757,-0.508690357208252,-0.5045483112335205,0.004918037091907672,-0.4282929946978887,-0.4060961604118347,0.01883744715331974,29535.666666666668,34946.0,10048.640438719392,0.8451801827581602,1.0,0.28754765749211336,-0.5751934424042702,-0.45623812079429626,0.04368193554821791,0.03861709342648586,0.06930098682641983,0.0266993814940518,-0.1473741290780405,0.41119956970214844,0.4088584720229955,-0.5328779940803846,-0.45077022910118103,0.04373934892716511,-0.49437915285428363,-0.416480153799057,0.06371579762765153,0.0,0.0,0.0,0.0,0.0,0.0,0.0,0.0,0.0,0.0,0.0,0.0,-0.6324326395988464,-0.6279471516609192,0.006008522288728422,0.16266634066899618,0.41257238388061523,0.2834819447728977,-0.5433481733004252,-0.5305938720703125,0.0153366312602316,-0.46383845309416455,-0.43939638137817383,0.0299371870607523,29535.666666666668,34946.0,10048.640438719392,0.8451801827581602,1.0,0.28754765749211336,-0.6911843121051788,-0.62275230884552,0.08365132111368793,0.039006528755029045,0.06853426992893219,0.025012261701958055,-0.2577972163756688,0.41257238388061523,0.4912501157962514,-0.6321535706520081,-0.5330058336257935,0.1089142912145216,-0.5876449172695478,-0.43939638137817383,0.14302459876779075,0.0,0.0,0.0,0.0,0.0,0.0,0.0,0.0,0.0,0.0,0.0,0.0,36,287
2022-09-01,-0.1641424834728241,-0.11989036202430725,0.031077898994496013,10.249029541015625,25.681415557861328,8.742321889526387,-0.06300850212574005,-0.019966721534729004,0.03964440681108803,0.4145332872867584,0.8593622446060181,0.26632997148542875,28810.0,34946.0,13075.739386359763,0.8244148114233388,1.0,0.37416984451324226,-0.1286158284638077,0.04015962779521942,0.07590567995600449,0.1505426533985883,0.656032383441925,0.1973580420089311,4.580652319670965,25.681415557861328,7.529402282699594,-0.06565951771335676,0.049247950315475464,0.06284576936928854,0.11850246096340318,0.8593622446060181,0.2896708553611821,116.5,443.0,160.30113706850162,81.91666666666667,327.0,113.88228239030092,63.666666666666664,247.0,89.09273343834025,47.583333333333336,211.0,71.52934341720864,-0.5731838464736938,-0.553996205329895,0.018417781680619114,0.2730619087815285,0.49299296736717224,0.15210902663135803,-0.5023187756538391,-0.4833412766456604,0.0196954184850738,-0.3597406536340714,-0.24559806287288666,0.07049726768517922,28810.0,34946.0,13075.739386359763,0.8244148114233388,1.0,0.37416984451324226,-0.5588762486974398,-0.4290998876094818,0.06289115652961597,0.039352910864787795,0.08255898952484131,0.029955218512311792,-0.13573242723941803,0.49299296736717224,0.42042301322738057,-0.5157807866732279,-0.41910991072654724,0.05744030416117223,-0.4551534118751685,-0.24559806287288666,0.1034141439892149,0.0,0.0,0.0,0.0,0.0,0.0,0.0,0.0,0.0,0.0,0.0,0.0,-0.6344058275222778,-0.6142911314964294,0.017953843738631656,0.309619614481926,0.7114662528038025,0.3100564166592205,-0.5403351187705994,-0.5080124139785767,0.033485496179429544,-0.4562679767608643,-0.3956633508205414,0.054605107170804926,28810.0,34946.0,13075.739386359763,0.8244148114233388,1.0,0.37416984451324226,-0.7054846982161204,-0.6142911314964294,0.08311684586036325,0.03527997368170569,0.07779370248317719,0.02746425458183529,-0.28540800636013347,0.7114662528038025,0.5622489986866085,-0.654122864206632,-0.5080124139785767,0.11750053319881443,-0.6165335575739542,-0.3956633508205414,0.15508930993358044,1.0,12.0,3.4641016151377544,0.0,0.0,0.0,0.0,0.0,0.0,0.0,0.0,0.0,36,311
2022-10-01,-0.14957688562572002,-0.043586988002061844,0.06375957961072039,11.83588420972228,51.68421173095703,19.88811839653688,-0.08048428626110156,-0.0014450866729021072,0.049399364163037154,0.11225212536131342,0.8071377277374268,0.3470160512123442,22757.0,34946.0,15170.984806531183,0.6512047158473072,1.0,0.43412650393553437,-0.13154582192118353,0.009408507496118546,0.06859017287541799,0.11171945517596144,0.7445769309997559,0.20598447765484465,5.48748135058066,51.68421173095703,14.221134815925831,-0.0805668466939376,0.015015015378594398,0.05687661615019204,0.019330924520125754,0.8071377277374268,0.24550881283204323,61.76923076923077,495.0,140.00306773195712,36.23076923076923,292.0,85.0844226304614,27.076923076923077,220.0,65.0979538061189,22.153846153846153,175.0,53.08302640494127,-0.5654546866814295,-0.49977168440818787,0.03406213211642194,-0.0274572994094342,0.35324305295944214,0.3877689573785988,-0.5138222972551981,-0.47643351554870605,0.024298792746440142,-0.4500037580728531,-0.2516084909439087,0.10153189949096655,22757.0,34946.0,15170.984806531183,0.6512047158473072,1.0,0.43412650393553437,-0.5657806144310877,-0.4639851152896881,0.05443473606207223,0.0325770009882175,0.08146172016859055,0.026062559734831982,-0.2561623190816205,0.35324305295944214,0.33799004290220835,-0.5259794271909274,-0.45638003945350647,0.042674583119701445,-0.48633962181898266,-0.2516084909439087,0.08139099196302496,0.0,0.0,0.0,0.0,0.0,0.0,0.0,0.0,0.0,0.0,0.0,0.0,-0.669896642367045,-0.6405805349349976,0.023755287492044606,-0.14218401163816452,0.8539575934410095,0.5821459751732252,-0.6125778059164683,-0.5431925654411316,0.058614949927048146,-0.5678988844156265,-0.4751734435558319,0.08858671141091931,22757.0,34946.0,15170.984806531183,0.6512047158473072,1.0,0.43412650393553437,-0.7181659799355727,-0.6390548348426819,0.06984971878869135,0.028250381189326827,0.06877297908067703,0.022781449578295608,-0.43166751242600954,0.8539575934410095,0.47341232803345884,-0.6762175009800837,-0.5431925654411316,0.0861170466305584,-0.6498208802479964,-0.4751734435558319,0.10726164027495697,1.2307692307692308,16.0,4.437601569801832,0.0,0.0,0.0,0.0,0.0,0.0,0.0,0.0,0.0,39,195
2022-11-01,-0.15553890381540572,-0.09984919428825378,0.03719734689866866,15.268077992967196,36.72013473510742,14.0365939078327,-0.0709987406485847,-0.013409961946308613,0.04370313065058085,0.2821821980178356,1.0152090787887573,0.3887376010418035,27898.571428571428,34946.0,13381.032183120788,0.7983337557537753,1.0,0.38290597444974495,-0.11825499559442203,-0.01890144869685173,0.05589458407153028,0.22395389371862015,0.7290794849395752,0.24438959258265652,9.751752654556185,36.72013473510742,12.62479199187633,-0.05545181866424779,0.02194211073219776,0.0437632675271254,0.1730905038615068,1.0152090787887573,0.3186655102688271,149.75,490.0,166.01978250141812,103.75,360.0,121.94717559814018,76.91666666666667,277.0,94.62409680926785,62.75,261.0,83.62157725024196,-0.5804924539157322,-0.5468496680259705,0.02049310126488614,0.19734832857336318,0.47246143221855164,0.34082188435458083,-0.5120616512639182,-0.4812356233596802,0.024415359103488937,-0.3900739146130426,-0.19066829979419708,0.12141592470895084,27898.571428571428,34946.0,13381.032183120788,0.7983337557537753,1.0,0.38290597444974495,-0.5561565781633059,-0.4889209568500519,0.034223289937105175,0.047257839779679976,0.09448947757482529,0.02969729863797287,0.012165558834870657,0.47246143221855164,0.38387460177177984,-0.5071613738934199,-0.4582176208496094,0.02708138483369579,-0.42133279765645665,-0.19066829979419708,0.10040277594967628,0.0,0.0,0.0,0.0,0.0,0.0,0.0,0.0,0.0,0.0,0.0,0.0,-0.6821849005562919,-0.6533989310264587,0.02997570814283672,0.11987802918468203,1.1024425029754639,0.683294816288792,-0.6082244770867484,-0.5557337999343872,0.059785883126558144,-0.545877924987248,-0.45202502608299255,0.09633978344410798,27898.571428571428,34946.0,13381.032183120788,0.7983337557537753,1.0,0.38290597444974495,-0.7096884946028391,-0.6533989310264587,0.0465210484171655,0.03616224182769656,0.07486061751842499,0.02551608627285915,-0.1424675981203715,1.1024425029754639,0.6380220112154261,-0.6580466280380884,-0.5557337999343872,0.0793011045559357,-0.6171635786692301,-0.45202502608299255,0.11630924971282426,3.3333333333333335,20.0,6.99783516308415,0.3333333333333333,4.0,1.1547005383792515,0.0,0.0,0.0,0.0,0.0,0.0,36,182
2022-12-01,-0.11974971368908882,-0.04367826133966446,0.04540280212335863,22.926230907440186,40.8878288269043,10.883841948411943,-0.043991646418968834,0.03791886940598488,0.04135364662727128,1.017827220261097,3.5856823921203613,1.2919916005209622,30247.0,34946.0,7622.922930215154,0.8655353974703829,1.0,0.2181343481432826,-0.09895650621249595,0.020858317613601685,0.06635576392956953,0.3758088946342468,1.214794635772705,0.39884966880740047,12.744308380579406,40.8878288269043,14.016894562791148,-0.0435043295676058,0.06451085954904556,0.053764255104452166,0.26387025229632854,0.9327731132507324,0.3399517352481886,182.27272727272728,444.0,180.30922933066455,133.36363636363637,344.0,135.48304154193818,107.54545454545455,300.0,115.75090810560721,93.27272727272727,276.0,104.13077442244528,-0.5802068114280701,-0.5481614470481873,0.01929404362579373,60.29082742333412,331.52294921875,133.3134710225889,-0.49972018599510193,-0.45175957679748535,0.024655460174255447,-0.23836455618341765,0.046430908143520355,0.16376699473163395,30247.0,34946.0,7622.922930215154,0.8655353974703829,1.0,0.2181343481432826,-0.54845161058686,-0.44163814187049866,0.051773654311738325,0.39860808349807153,3.5577609539031982,1.052913965926734,32.73896004598249,331.52294921875,99.43977066701561,-0.49354717948219995,-0.37030142545700073,0.04736575287357447,-0.3717165155844255,-0.17251525819301605,0.11316821266423618,5.7272727272727275,35.0,10.659182980800255,1.0909090909090908,4.0,1.8683974659876552,0.7272727272727273,4.0,1.6180796699117812,0.7272727272727273,4.0,1.6180796699117812,-0.7001263995965322,-0.6883689165115356,0.014779924462826798,0.417285718023777,0.7947768568992615,0.3604422859763683,-0.615280439456304,-0.592096209526062,0.019891621642179155,-0.5182142655054728,-0.39604660868644714,0.06811453879312294,30247.0,34946.0,7622.922930215154,0.8655353974703829,1.0,0.2181343481432826,-0.7333192771131342,-0.6443842649459839,0.07738869273000537,0.042154604992405934,0.0782192274928093,0.026528825759959157,-0.05395119434053248,0.7947768568992615,0.6209481664626144,-0.6789917945861816,-0.590965986251831,0.09274953668080163,-0.6363711032000455,-0.5231630206108093,0.11182100563395965,6.454545454545454,39.0,12.67567462791339,0.0,0.0,0.0,0.0,0.0,0.0,0.0,0.0,0.0,33,191
2023-01-01,-0.13617039223512015,-0.1266198307275772,0.011034759748843504,19.418320337931316,21.4282169342041,2.04571130462032,-0.025917523230115574,-0.014883657917380333,0.01227627073045687,0.34353062013785046,0.5132530331611633,0.18530044589429534,34946.0,34946.0,0.0,1.0,1.0,0.0,-0.12111627303350431,-0.005888382904231548,0.0537541370902243,0.21506885560945824,0.7560179829597473,0.2645205867666477,8.218710496860485,25.149999618530273,9.542305133013505,-0.06261850024860066,-0.0016477180179208517,0.05086043978386754,0.09665478995213142,0.6363636255264282,0.2515264474939396,112.07692307692308,387.0,149.4397657577915,77.84615384615384,283.0,108.74729586971053,61.92307692307692,220.0,88.72942159402515,52.23076923076923,197.0,76.65197741105993,-0.5725540916124979,-0.5710733532905579,0.0023022604074005733,0.3991016050179799,0.455512672662735,0.0630583728229623,-0.4871957202752431,-0.4826115071773529,0.004989101205215986,-0.35836726427078247,-0.3068467378616333,0.059919874554485775,34946.0,34946.0,0.0,1.0,1.0,0.0,-0.5664728971628042,-0.48454713821411133,0.046169127153345535,0.07076455221081582,0.4689970910549164,0.12239460847997914,-0.02367359629044166,0.6412296891212463,0.4641446205329731,-0.51855779840396,-0.478397399187088,0.041956241142521215,-0.4533165876681988,-0.23678085207939148,0.1036621006434093,0.8461538461538461,11.0,3.05085107923876,0.0,0.0,0.0,0.0,0.0,0.0,0.0,0.0,0.0,-0.6705063382784525,-0.6645157933235168,0.006573842915039233,0.39491823812325794,0.5578881502151489,0.18379326542382896,-0.5716066161791483,-0.5696547031402588,0.002262809824749373,-0.4879424273967743,-0.4782869517803192,0.015549159980333863,34946.0,34946.0,0.0,1.0,1.0,0.0,-0.7259830373984116,-0.6576162576675415,0.06693519223320148,0.03451296995179011,0.07378237694501877,0.024007735834109332,-0.23532442576610124,0.5578881502151489,0.49786682362601814,-0.6783108115196228,-0.5696547031402588,0.08759784663068498,-0.6469635802965897,-0.4782869517803192,0.11474593138675461,0.6153846153846154,8.0,2.2188007849009166,0.0,0.0,0.0,0.0,0.0,0.0,0.0,0.0,0.0,39,187
2023-02-01,-0.1241363376379013,-0.07769391685724258,0.036415183335222555,22.272747802734376,39.23053741455078,12.587740763395248,-0.03294695299118757,0.005519779399037361,0.04083402766010539,0.5593645755201578,1.39924156665802,0.5472081974684843,32305.0,34946.0,5905.455528576945,0.9244262576546672,1.0,0.16898802519821857,-0.13600715859369797,-0.07769391685724258,0.03549820958926176,0.27530416660010815,0.8609785437583923,0.31579724411982263,10.572475128891794,39.23053741455078,13.813568636712233,-0.07233763511546633,0.005519779399037361,0.052206766722316354,0.2098776347596537,1.39924156665802,0.48229849344638653,163.72727272727272,588.0,210.78951155552824,110.72727272727273,403.0,143.62596625199143,89.9090909090909,343.0,119.45078864993278,77.45454545454545,294.0,102.28134105139964,-0.5614922165870666,-0.548342764377594,0.012054339557383213,0.4165366798639297,0.5431939959526062,0.16905446017552353,-0.49048860669136046,-0.4736015796661377,0.01856369838582491,-0.31634492576122286,-0.13669879734516144,0.1318498201611872,32305.0,34946.0,5905.455528576945,0.9244262576546672,1.0,0.16898802519821857,-0.5650464675643228,-0.5310975909233093,0.020414619859223597,0.04510995042933659,0.09289700537919998,0.03129634808257572,-0.02910061434588649,0.5431939959526062,0.4640409533696835,-0.5180248861963098,-0.4736015796661377,0.03501121355492271,-0.4318287711251866,-0.13669879734516144,0.14023737435304381,1.4545454545454546,12.0,3.697665110948701,0.0,0.0,0.0,0.0,0.0,0.0,0.0,0.0,0.0,-0.6543830037117004,-0.6463153958320618,0.0067989226274774005,0.40809141397476195,0.6473135352134705,0.22530471401190622,-0.568650770187378,-0.556787371635437,0.012689777664194456,-0.49363426566123964,-0.46127966046333313,0.03603102875251707,32305.0,34946.0,5905.455528576945,0.9244262576546672,1.0,0.16898802519821857,-0.682483207095753,-0.6463153958320618,0.04215094507934068,0.0374019087546251,0.07008790224790573,0.024099503645488143,-0.12339174882932143,0.6473135352134705,0.5466999251799779,-0.6296065124598417,-0.556787371635437,0.06581532755483693,-0.5866177000782706,-0.46127966046333313,0.09858028050805263,1.5454545454545454,9.0,3.4456824103110946,0.0,0.0,0.0,0.0,0.0,0.0,0.0,0.0,0.0,33,249
2023-03-01,-0.14040673275788626,-0.1043076142668724,0.028242471113022142,7.387996131140325,17.404300689697266,6.008501999421562,-0.059340296830568046,-0.010827532969415188,0.040916459023654275,0.29174569580290055,1.4816176891326904,0.4985713877659487,19869.222222222223,34946.0,14456.833909762001,0.5685692846741321,1.0,0.4136906630161392,-0.12404368445277214,0.037618592381477356,0.05878638707173545,0.18996154520815858,0.5196464657783508,0.1613311270141425,5.69568915789326,17.404300689697266,5.970743391270738,-0.04702397474708656,0.04846884682774544,0.05176864304522597,0.12137092370539904,0.6513833999633789,0.195922386870002,133.25,408.0,134.61671178166955,97.75,278.0,95.4026157445858,74.25,219.0,75.70411901847638,60.833333333333336,191.0,65.60464691597461,-0.5599641866154141,-0.5475360751152039,0.010745263702575622,0.19279533127943674,0.5840892195701599,0.38788415605587107,-0.5036505725648668,-0.48053881525993347,0.020270346296727686,-0.4034673571586609,-0.20830893516540527,0.10489688104027882,19869.222222222223,34946.0,14456.833909762001,0.5685692846741321,1.0,0.4136906630161392,-0.5448761656880379,-0.43432947993278503,0.03909760727043905,0.045536257637043796,0.08027800917625427,0.02172129286737685,0.10257863005002339,0.5840892195701599,0.40622201419695403,-0.4961545417706172,-0.42094555497169495,0.03262206495814909,-0.4278157328565915,-0.2614505887031555,0.06663482132872975,1.3333333333333333,12.0,3.550501458394378,0.0,0.0,0.0,0.0,0.0,0.0,0.0,0.0,0.0,-0.6566417217254639,-0.6368627548217773,0.016448992493534105,0.15334310796525744,0.49177587032318115,0.39331651842094617,-0.5834034350183275,-0.5436194539070129,0.03266947094704353,-0.5109249916341569,-0.4497276842594147,0.058195378129730004,19869.222222222223,34946.0,14456.833909762001,0.5685692846741321,1.0,0.4136906630161392,-0.6723293115695318,-0.6082057356834412,0.05684368617670988,0.0372830854030326,0.06585562229156494,0.018969292264525185,-0.03157056371370951,0.49177587032318115,0.48248223193294515,-0.6204885939757029,-0.5436194539070129,0.07465191701503365,-0.5715493758519491,-0.4497276842594147,0.10128004734478496,0.0,0.0,0.0,0.0,0.0,0.0,0.0,0.0,0.0,0.0,0.0,0.0,36,292
2023-04-01,-0.14865074306726456,-0.13582147657871246,0.01244821071677931,6.471011479695638,8.724957466125488,1.6223461174239935,-0.06377657471845548,-0.027918782085180283,0.04487062889206471,0.06161669703821341,0.2607816755771637,0.12459883816417709,29287.666666666668,34946.0,9707.697866470024,0.8380835193345924,1.0,0.2777913886130036,-0.15043378147211942,-0.11285735666751862,0.022114445721874664,0.11419974978674542,0.26034092903137207,0.0822060995645306,3.784056405452165,8.724957466125488,3.3827590968139054,-0.08288393152708357,-0.027918782085180283,0.04201235710987623,0.0059217449954964895,0.2607816755771637,0.11567149829066409,89.81818181818181,284.0,94.02108080831465,61.27272727272727,217.0,69.17382584343721,43.81818181818182,171.0,51.49139380870979,32.90909090909091,139.0,41.972501820726734,-0.5605992575486501,-0.5542662143707275,0.006208204023168444,0.19527995213866234,0.32877588272094727,0.08425022147754013,-0.5045905262231827,-0.4862227737903595,0.02198021581124292,-0.4566163768370946,-0.3831440806388855,0.047944002588865144,29287.666666666668,34946.0,9707.697866470024,0.8380835193345924,1.0,0.2777913886130036,-0.5621857643127441,-0.543524980545044,0.013686079584364165,0.038769013417715374,0.0710928663611412,0.02170355807590568,-0.05126188966360959,0.32877588272094727,0.3308685321496484,-0.5196766446937214,-0.4862227737903595,0.02502670138279885,-0.48156333511525934,-0.3831440806388855,0.04939980426983077,0.0,0.0,0.0,0.0,0.0,0.0,0.0,0.0,0.0,0.0,0.0,0.0,-0.6511353651682535,-0.6347308158874512,0.018641976997830014,-0.04292038828134537,0.26638367772102356,0.27699321321330056,-0.5737805366516113,-0.5364071130752563,0.040241396215484074,-0.5064490139484406,-0.43255317211151123,0.07052904894353247,29287.666666666668,34946.0,9707.697866470024,0.8380835193345924,1.0,0.2777913886130036,-0.6676868633790449,-0.6347308158874512,0.02882014054523049,0.03464993665164167,0.06789732724428177,0.022330885751736463,-0.2326523211192001,0.26638367772102356,0.3473122383769776,-0.6162465214729309,-0.5364071130752563,0.05808894336740518,-0.5722390765493567,-0.43255317211151123,0.09278611764435554,0.0,0.0,0.0,0.0,0.0,0.0,0.0,0.0,0.0,0.0,0.0,0.0,33,190
2023-05-01,-0.173428875207901,-0.15526500344276428,0.013979345527477989,4.470449203252793,7.59072732925415,2.834713409682503,-0.0905386246740818,-0.058553386479616165,0.023154390125855476,0.02044443432241678,0.09444726258516312,0.0686913739611317,28662.0,34946.0,8596.835435205212,0.820179705831855,1.0,0.24600341770746903,-0.1740725923043031,-0.12723204493522644,0.028868231354144364,0.07623907042523989,0.21554774045944214,0.07538262195353175,2.0201082218151827,7.59072732925415,2.6897826904065476,-0.11693073321993534,-0.058553386479616165,0.046448162374018366,-0.05874027035987148,0.09444726258516312,0.09420469763160606,56.30769230769231,185.0,77.29422640726432,35.15384615384615,124.0,52.448142887119396,23.23076923076923,97.0,36.4718015416336,17.53846153846154,68.0,28.309643188071046,-0.5798412561416626,-0.563585638999939,0.011796675177587715,0.09938445538282395,0.36009877920150757,0.26916884132581415,-0.515216076374054,-0.49962276220321655,0.011487510950495147,-0.47032350301742554,-0.4419894218444824,0.028823960328779617,28662.0,34946.0,8596.835435205212,0.820179705831855,1.0,0.24600341770746903,-0.5866957169312698,-0.5513908863067627,0.022434351980590392,0.03624699458193321,0.06746439635753632,0.02367384337668884,-0.19749048853722903,0.36009877920150757,0.34466578231710754,-0.5441052501018231,-0.49962276220321655,0.03604753362994822,-0.5177351305117974,-0.4419894218444824,0.0548785776760422,0.0,0.0,0.0,0.0,0.0,0.0,0.0,0.0,0.0,0.0,0.0,0.0,-0.6600449085235596,-0.6452971696853638,0.010082253447430306,-0.034340521693229674,0.4743456244468689,0.4049299168509779,-0.566029942035675,-0.5494655966758728,0.01762303688121368,-0.5008438467979431,-0.47722873091697693,0.03355190256898334,28662.0,34946.0,8596.835435205212,0.820179705831855,1.0,0.24600341770746903,-0.6943778899999765,-0.6452971696853638,0.03770782344677328,0.033216593213952504,0.0638987198472023,0.021323635096550955,-0.4024651153729512,0.4743456244468689,0.38928407679763993,-0.6447947116998526,-0.551453709602356,0.06573492617550213,-0.6137469387971438,-0.47722873091697693,0.09607338385866213,0.0,0.0,0.0,0.0,0.0,0.0,0.0,0.0,0.0,0.0,0.0,0.0,39,207
2023-06-01,-0.17627953820758396,-0.151923269033432,0.014637102062301427,4.8072618544101715,10.611275672912598,2.8297779715488858,-0.08639636139074962,-0.06865402311086655,0.018964237723478394,0.04404155413309733,0.1681957244873047,0.07873816758871606,30849.0,34946.0,9786.737645916539,0.8827619756195273,1.0,0.2800531576122171,-0.17499644992252192,-0.10030486434698105,0.028722655940134827,0.12820953619666398,0.2241087406873703,0.07041344650256742,4.3046639850363135,10.611275672912598,3.3573470869793085,-0.09788170487930377,-0.05549588426947594,0.03719061046371245,0.00021895750736196837,0.1681957244873047,0.09869567074412572,101.58333333333333,220.0,77.50948133596107,70.33333333333333,151.0,53.53729937382371,49.666666666666664,111.0,39.77283982668057,35.25,79.0,28.797490420962983,-0.5780462821324667,-0.5703338384628296,0.006845532747824908,0.19579258726702797,0.6245682239532471,0.30948448821256186,-0.51459715101454,-0.5045351386070251,0.009156049794473702,-0.4586295617951287,-0.4128558039665222,0.03231565634181545,30849.0,34946.0,9786.737645916539,0.8827619756195273,1.0,0.2800531576122171,-0.5788779358069102,-0.5670861005783081,0.009522916601030607,0.05153508298099041,0.07034227252006531,0.022671868104550547,0.08725190783540408,0.6245682239532471,0.40203151082427935,-0.5252698262532552,-0.5045351386070251,0.02133625645765263,-0.4825309043129285,-0.4128558039665222,0.04837769859518723,0.3333333333333333,4.0,1.1547005383792515,0.0,0.0,0.0,0.0,0.0,0.0,0.0,0.0,0.0,-0.654800295829773,-0.6398851275444031,0.012191594908721841,-0.06099281625615226,0.3889809250831604,0.3230458720831429,-0.5746249026722379,-0.5425652265548706,0.02300814907861998,-0.5115669733948178,-0.47406005859375,0.03900485199405497,30849.0,34946.0,9786.737645916539,0.8827619756195273,1.0,0.2800531576122171,-0.669264500339826,-0.6398851275444031,0.041549785928433614,0.04610611451789737,0.06696317344903946,0.020778692567841185,-0.2000014999260505,0.3889809250831604,0.3792054755468599,-0.602266843120257,-0.5425652265548706,0.060438107393730796,-0.5540863300363222,-0.47406005859375,0.08751124864693578,0.0,0.0,0.0,0.0,0.0,0.0,0.0,0.0,0.0,0.0,0.0,0.0,36,197
2023-07-01,-0.1766817383468151,-0.16679732501506805,0.008032274561791234,4.603148102760315,6.398443222045898,1.4100317174147403,-0.11492619104683399,-0.06875000149011612,0.07035060734781631,0.8940631542354822,3.1808345317840576,1.531850294068067,12585.25,34946.0,15308.231584673653,0.36013420706232474,1.0,0.43805389986475285,-0.16687149833887815,-0.024443168193101883,0.055120679533277005,0.07726441432411472,0.21759600937366486,0.070051068630904,2.110035802082469,6.398443222045898,2.419842265109493,-0.10824383089008431,-0.014197212643921375,0.05436120689377212,-0.03949716737649093,0.12483400106430054,0.09309162225138494,54.666666666666664,191.0,69.44760396852938,37.333333333333336,144.0,51.20606024740242,26.666666666666668,112.0,38.37928734317115,17.0,88.0,27.77179733601567,-0.5723209530115128,-0.5613882541656494,0.009901563769724533,0.0038376068114303052,0.11609723418951035,0.10466092063161832,-0.5217415541410446,-0.5041342377662659,0.030755269191635855,-0.3889479711651802,-0.24030587077140808,0.10704892169921795,12585.25,34946.0,15308.231584673653,0.36013420706232474,1.0,0.43805389986475285,-0.5700551743308703,-0.4993286430835724,0.03353959283183082,0.029881095824142296,0.06818969547748566,0.020689945397954636,-0.17256963379137838,0.31864988803863525,0.3459959689575682,-0.5351175641020139,-0.48918530344963074,0.03487160688987278,-0.5010857631762823,-0.4266575276851654,0.05224117708008443,0.0,0.0,0.0,0.0,0.0,0.0,0.0,0.0,0.0,0.0,0.0,0.0,-0.6115904301404953,-0.594585120677948,0.020728165238873178,0.07508566044270992,0.27704140543937683,0.25000894608051527,-0.5151416212320328,-0.4639636278152466,0.05633209195561654,-0.2875096071511507,0.11082123965024948,0.26762827266155914,12585.25,34946.0,15308.231584673653,0.36013420706232474,1.0,0.43805389986475285,-0.6752831240495046,-0.6237314343452454,0.05375542306370844,0.027721443950819474,0.057494789361953735,0.020716382293386584,-0.3428152911365032,0.27704140543937683,0.3761568595178068,-0.6339224825302759,-0.5505324006080627,0.07383263794098695,-0.6003266076246897,-0.4489036500453949,0.10298904494078792,0.0,0.0,0.0,0.0,0.0,0.0,0.0,0.0,0.0,0.0,0.0,0.0,36,295
2023-08-01,0.11853990890085697,2.333468198776245,0.8956675802651166,6.201048515737057,9.470401763916016,3.2431369470977693,0.8101194007322192,7.254206657409668,2.6044338521605312,1.2925696894526482,9.470401763916016,3.3158127187165327,23180.375,34946.0,14714.004834437736,0.663319836318892,1.0,0.42104975775304004,-0.19599063073595366,-0.1446438431739807,0.03108923900614968,0.16331774462014437,0.30480673909187317,0.10546887861689108,4.87836756495138,9.470401763916016,3.5821323594798704,-0.12091579738383491,-0.025757575407624245,0.05573483010046607,0.058196611081560455,0.6817666888237,0.2437082628858061,133.16666666666666,383.0,117.68821160810946,91.5,244.0,79.59956601069449,72.41666666666667,192.0,66.85188286371778,54.833333333333336,164.0,54.80682328677589,-0.5420525036752224,-0.24147894978523254,0.12460594120649515,0.169117939658463,0.4893328547477722,0.33392168589594806,-0.44095404259860516,0.14508755505084991,0.2384492831605286,-0.3449356220662594,0.3659941554069519,0.2995096934782934,23180.375,34946.0,14714.004834437736,0.663319836318892,1.0,0.42104975775304004,-0.5890795340140661,-0.5552235245704651,0.023915703802928165,0.04711314174346626,0.07554596662521362,0.0208148152868241,0.03473350560913483,0.4893328547477722,0.39829505161993783,-0.5397515793641409,-0.48564836382865906,0.03930104224752116,-0.47368816037972766,-0.29483118653297424,0.0914063801592542,0.0,0.0,0.0,0.0,0.0,0.0,0.0,0.0,0.0,0.0,0.0,0.0,-0.5752362571656704,-0.14870038628578186,0.17476730515968739,0.024806427769362926,0.5472646951675415,0.4013831783718988,-0.42730703577399254,0.4831407964229584,0.3706633295682612,-0.35521141812205315,0.5472646951675415,0.3718371010285333,23180.375,34946.0,14714.004834437736,0.663319836318892,1.0,0.42104975775304004,-0.6594815502564112,-0.608511745929718,0.0409568190105105,0.043479042050118245,0.07469787448644638,0.022095983909707757,-0.08787236673136552,0.5472646951675415,0.4404983253583976,-0.6049230297406515,-0.5087318420410156,0.0667865019657536,-0.554568275809288,-0.4007490277290344,0.10046089984905571,0.3333333333333333,4.0,1.1547005383792515,0.0,0.0,0.0,0.0,0.0,0.0,0.0,0.0,0.0,36,293
2023-09-01,-0.19682324358395167,-0.1616538166999817,0.032900218364165186,6.43639552915868,12.656603813171387,6.19212763987499,-0.10199515521526337,-0.06396866589784622,0.04348879469187936,0.11176629524145808,0.42561206221580505,0.23775568552500706,20133.285714285714,34946.0,16377.983430144728,0.5761256142129489,1.0,0.46866546758269123,-0.16352619727452597,-0.00380861759185791,0.055116947822053924,0.15893589006736875,0.4044114947319031,0.14646262750974032,5.301352422606821,12.656603813171387,5.360571644777952,-0.09699792824297522,0.002782608615234494,0.04697569331125307,0.04699221563835939,0.42561206221580505,0.16900243644357255,104.58333333333333,320.0,118.72769327968582,76.75,244.0,92.58718250187962,58.833333333333336,188.0,72.91942419028295,48.666666666666664,160.0,61.49254697386776,-0.5864067333085197,-0.5682240128517151,0.01629050259494256,0.058593852179391046,0.8159264922142029,0.5442648208520087,-0.5204399398394993,-0.4998525381088257,0.02276193394842035,-0.4459514617919922,-0.34790468215942383,0.08391291289042072,20133.285714285714,34946.0,16377.983430144728,0.5761256142129489,1.0,0.46866546758269123,-0.5730009948213896,-0.48001107573509216,0.03187240568147942,0.042703124578110874,0.08109874278306961,0.027110912247594047,0.031939140210549034,0.8159264922142029,0.4462604528143168,-0.528604748348395,-0.47272029519081116,0.03233758835787335,-0.4694676548242569,-0.34790468215942383,0.06801263652033203,0.6666666666666666,8.0,2.3094010767585034,0.0,0.0,0.0,0.0,0.0,0.0,0.0,0.0,0.0,-0.6412843891552517,-0.6046698689460754,0.02350009376135262,-0.0342421680688858,0.505092978477478,0.4748427240531445,-0.5515876284667424,-0.4651407301425934,0.048971232128004236,-0.4904727722917284,-0.40435951948165894,0.07246397076328441,20133.285714285714,34946.0,16377.983430144728,0.5761256142129489,1.0,0.46866546758269123,-0.6850004891554514,-0.620960533618927,0.05869080888257309,0.038025626311233886,0.07020478695631027,0.02323490763180029,-0.16792184486985207,0.505092978477478,0.4926949364189059,-0.6310515701770782,-0.5252334475517273,0.08613533033917146,-0.5855760474999746,-0.4288945496082306,0.11763144211986415,0.3333333333333333,4.0,1.1547005383792515,0.0,0.0,0.0,0.0,0.0,0.0,0.0,0.0,0.0,36,308
2023-10-01,-0.14458860754966735,-0.06892456114292145,0.04383912898202606,10.165083408355713,13.547697067260742,2.389181555615768,-0.04745364924892783,0.0025751073844730854,0.029933451989423137,0.39159978181123734,1.0571256875991821,0.410862609363259,27884.6,34946.0,11027.582228213036,0.7979339552452356,1.0,0.31556064294090985,-0.07932592883634453,0.028059108182787895,0.08330661701346376,0.12054141764887251,0.5147761106491089,0.15834382354098406,3.9536956089835327,13.547697067260742,5.294280962286635,-0.02634732235366335,0.052242256700992584,0.0503547430276564,0.08068607854119574,0.5060779452323914,0.15089480675841052,81.15384615384616,350.0,119.68071840933425,55.92307692307692,261.0,85.53114592402538,42.15384615384615,202.0,65.40749976601327,32.38461538461539,163.0,52.403146313840196,-0.5666059374809265,-0.5314939618110657,0.0198765420094945,0.43801054954528806,0.682362973690033,0.14409786307117667,-0.4962158381938934,-0.4746381342411041,0.012685854152250235,-0.3644832015037537,-0.21526265144348145,0.09611356287652437,27884.6,34946.0,11027.582228213036,0.7979339552452356,1.0,0.31556064294090985,-0.5215683075097891,-0.4398191571235657,0.053481845373922636,0.0348160437379892,0.08521066606044769,0.028909140825870268,-0.08595223839466389,0.682362973690033,0.4405789696532565,-0.48204908004173863,-0.42059794068336487,0.03630850321365605,-0.43958266652547395,-0.32496359944343567,0.05046940354417025,0.3076923076923077,4.0,1.1094003924504583,0.0,0.0,0.0,0.0,0.0,0.0,0.0,0.0,0.0,-0.6577555060386657,-0.6402491331100464,0.013662619093433314,0.07365500330924987,0.5694860816001892,0.3237117124084784,-0.5695470213890076,-0.5459379553794861,0.02778850001836413,-0.4954127252101898,-0.45377540588378906,0.039903408470519916,27884.6,34946.0,11027.582228213036,0.7979339552452356,1.0,0.31556064294090985,-0.7472630326564496,-0.6221525073051453,0.09650922234133297,0.029147452406155374,0.07165948301553726,0.02350508055785699,-0.4416248408647684,0.5694860816001892,0.4693360539317381,-0.7026878687051626,-0.5459379553794861,0.12581177018758208,-0.6722263533335465,-0.45377540588378906,0.15647851859575548,0.9230769230769231,12.0,3.3282011773513744,0.0,0.0,0.0,0.0,0.0,0.0,0.0,0.0,0.0,39,285
2023-11-01,0.11324732502301534,0.6333361864089966,0.45071310042057966,19.704712867736816,42.82530212402344,20.038269444057537,1.599479613204797,5.012231349945068,2.9555305319246457,2.1720341742038727,5.772517681121826,3.1182003805195624,18615.666666666668,34936.0,16943.57224239721,0.5326980674946108,0.9997138442167917,0.4848501185370919,-0.11843210939938824,0.019453898072242737,0.07352682380981344,0.18273378732070947,1.0107388496398926,0.2909222886998491,6.096119448804529,42.82530212402344,12.019320923483722,-0.05523029652734598,0.20411664247512817,0.09882149994415095,0.18473094973402718,1.666723370552063,0.5024857375621563,137.66666666666666,845.0,255.0099225639281,90.66666666666667,513.0,158.42195287116982,71.16666666666667,374.0,119.73139129153249,56.416666666666664,279.0,93.16306167471129,-0.5354825158913931,-0.4192695915699005,0.10079744015943791,0.6605527997016907,1.3785370588302612,0.6226888358101949,-0.3466623282680909,0.01923857443034649,0.3168798496284238,-0.16413401067256927,0.15929393470287323,0.28048295097586723,18615.666666666668,34936.0,16943.57224239721,0.5326980674946108,0.9997138442167917,0.4848501185370919,-0.5568691988786062,-0.44556158781051636,0.04985048102047274,0.03822404611855745,0.08911158889532089,0.028573094220367072,-0.027973998958865803,1.3785370588302612,0.5647012514821409,-0.5077730168898901,-0.36983758211135864,0.05669744012115345,-0.42827842322488624,-0.07850556820631027,0.13352726473763504,1.5833333333333333,19.0,5.484827557301445,0.6666666666666666,8.0,2.3094010767585034,0.0,0.0,0.0,0.0,0.0,0.0,-0.6540103554725647,-0.5964085459709167,0.050371048683711256,0.397350645934542,0.7949638962745667,0.4021556305591173,-0.3437853554884593,0.17524048686027527,0.45005771014816354,-0.23581666747728983,0.39244797825813293,0.5452610683658663,18615.666666666668,34936.0,16943.57224239721,0.5326980674946108,0.9997138442167917,0.4848501185370919,-0.729900116721789,-0.67972332239151,0.05616901518871083,0.029714572282197576,0.08296778053045273,0.023794255185826153,-0.26602990133687854,0.7949638962745667,0.5246318358703125,-0.6945512741804123,-0.5920305848121643,0.07256752402546501,-0.6650496125221252,-0.5233632326126099,0.09311173006403707,3.0,36.0,10.392304845413264,0.0,0.0,0.0,0.0,0.0,0.0,0.0,0.0,0.0,36,265
2023-12-01,0.19803806394338608,1.179269552230835,0.6543441669079878,20.9531307220459,30.240854263305664,10.006628008161156,2.0460152993910015,8.261757850646973,4.1438317514426055,2.9994537606835365,11.195920944213867,5.469834514968036,26274.5,34946.0,17343.0,0.7518600125908544,1.0,0.49627997481829106,-0.09535943441248189,0.00921722874045372,0.07545930587564506,0.24443251829749593,0.845166027545929,0.2980822025079087,10.086717649983862,33.60894775390625,13.393528812112347,-0.03526330675231293,0.06396420300006866,0.0667887219179098,0.09765214694198221,0.614696741104126,0.19428075006575085,106.16666666666667,366.0,128.52366837798138,70.66666666666667,290.0,94.52112157736187,54.75,226.0,74.94740580142609,43.75,178.0,60.5476896939324,-0.5184431001543999,-0.3563487231731415,0.1080977341363755,0.5678226724267006,0.9209240078926086,0.2716366522535052,-0.29773788899183273,0.2727850079536438,0.38035771628701737,-0.13068780303001404,0.5963667631149292,0.4926767677533647,26274.5,34946.0,17343.0,0.7518600125908544,1.0,0.49627997481829106,-0.5465064197778702,-0.46450114250183105,0.052107870002148345,0.04344809028164794,0.09520900249481201,0.030336552917955662,0.026325853541493416,0.9209240078926086,0.5102771073356236,-0.4978264520565669,-0.43403759598731995,0.04537708222806755,-0.43192748228708905,-0.24822351336479187,0.08596137505500806,3.3333333333333335,16.0,6.343691688790073,0.0,0.0,0.0,0.0,0.0,0.0,0.0,0.0,0.0,-0.6711602807044983,-0.647205650806427,0.01703161241712324,0.3053313158452511,0.43871912360191345,0.11188288661070128,-0.3915994092822075,0.1735595166683197,0.37693177680385603,-0.3171570599079132,0.3020387291908264,0.4131119911555745,26274.5,34946.0,17343.0,0.7518600125908544,1.0,0.49627997481829106,-0.7433362354834875,-0.6707801222801208,0.06770797595773005,0.03323613312871506,0.0703367218375206,0.023201655932421454,-0.28815750560412806,0.43871912360191345,0.5002267476156167,-0.6949185679356257,-0.564780592918396,0.09560860392637177,-0.6703937997420629,-0.5008062720298767,0.11511068289494099,0.0,0.0,0.0,0.0,0.0,0.0,0.0,0.0,0.0,0.0,0.0,0.0,36,257
